Last,Bid,Ask,Change,Volume,"Open Int",IV,"Last Trade",Strike,Last,Bid,Ask,Change,Volume,"Open Int",IV,"Last Trade"
182.50,185.73,186.32,0.00,0,"1,364",134.51%,06/30/22,195.00,0.01,0.00,0.01,0.00,1,"6,130",106.49%,07/01/22,"width: 1%","width: 1%","width: 2.2630365171801636%","width: 4.8036987696888955%"
175.80,180.74,181.35,0.00,0,71,133.22%,06/21/22,200.00,0.01,0.00,0.01,0.00,1,"12,555",386.98%,07/01/22,"width: 1%","width: 1%","width: 1%","width: 9.838570644933782%"
173.77,175.69,176.35,0.00,0,1,128.41%,06/30/22,205.00,0.01,0.00,0.01,0.00,0,"9,693",0.00%,06/30/22,"width: 1%","width: 1%","width: 1%","width: 7.595799702217694%"
156.73,170.74,171.33,0.00,0,0,121.56%,06/16/22,210.00,0.01,0.00,0.01,0.00,1,"14,273",95.30%,07/01/22,"width: 1%","width: 1%","width: 1%","width: 11.184860120680197%"
163.81,165.69,166.36,0.00,0,1,120.08%,06/30/22,215.00,0.01,0.00,0.01,0.00,0,"4,792",0.00%,06/30/22,"width: 1%","width: 1%","width: 1%","width: 3.7551915994044354%"
145.50,160.70,161.36,0.00,0,2,115.57%,06/16/22,220.00,0.01,0.00,0.01,0.00,14,"16,476",88.26%,07/01/22,"width: 1%","width: 1%","width: 1%","width: 12.91121385471358%"
0.00,155.76,156.36,0.00,0,0,111.15%,N/A,225.00,0.01,0.00,0.01,-0.01,"1,062","7,328",84.86%,07/01/22,"width: 1%","width: 4.318653165792363%","width: 1%","width: 5.742496669540005%"
193.14,150.76,151.37,0.00,0,0,107.66%,04/25/22,230.00,0.01,0.00,0.01,-0.01,"1,355","6,550",81.52%,07/01/22,"width: 1%","width: 5.510145988369729%","width: 1%","width: 5.132826580988951%"
187.83,145.72,146.37,0.00,0,0,103.40%,04/25/22,235.00,0.01,0.00,0.01,-0.01,263,"5,126",78.26%,07/01/22,"width: 1%","width: 1.0694969704363386%","width: 1%","width: 4.016926573152575%"
147.54,140.71,141.37,0.00,0,1,99.23%,06/24/22,240.00,0.01,0.00,0.01,-0.01,10,"4,355",75.05%,07/01/22,"width: 1%","width: 1%","width: 1%","width: 3.412741948123188%"
122.00,135.72,136.38,0.00,0,0,95.86%,06/16/22,245.00,0.01,0.00,0.01,-0.02,47,"9,556",71.91%,07/01/22,"width: 1%","width: 1%","width: 1%","width: 7.488441344722201%"
122.69,130.77,131.35,0.00,0,12,89.62%,06/22/22,250.00,0.01,0.01,0.02,-0.02,366,"14,969",68.83%,07/01/22,"width: 1%","width: 1.4883493961205319%","width: 1%","width: 11.730271922263146%"
0.00,125.73,126.35,0.00,0,0,85.73%,N/A,255.00,0.01,0.01,0.02,-0.02,208,"6,277",65.80%,07/01/22,"width: 1%","width: 1%","width: 1%","width: 4.918893503643916%"
106.18,120.73,121.36,0.00,0,3,82.62%,06/17/22,260.00,0.02,0.01,0.02,-0.02,"5,272","25,509",66.66%,07/01/22,"width: 1%","width: 21.438737749583183%","width: 1%","width: 19.989812710602617%"
178.51,115.75,116.36,0.00,0,0,78.84%,04/13/22,265.00,0.02,0.01,0.02,-0.02,772,"9,883",63.58%,07/01/22,"width: 1%","width: 3.1393599284291%","width: 1%","width: 7.744690854948671%"
180.54,110.84,111.37,0.00,0,0,75.76%,04/21/22,270.00,0.03,0.02,0.03,-0.04,60,"4,309",62.88%,07/01/22,"width: 1%","width: 1%","width: 1%","width: 3.3766946164093725%"
102.36,105.75,106.38,4.36,80,80,72.66%,07/01/22,275.00,0.03,0.02,0.03,-0.04,51,"12,596",59.80%,07/01/22,"width: 1%","width: 1%","width: 1%","width: 9.870699788417836%"
95.10,100.77,101.38,-2.09,2,8,69.01%,07/01/22,280.00,0.04,0.03,0.04,-0.04,33,"18,527",58.42%,07/01/22,"width: 1%","width: 1%","width: 1%","width: 14.51845466656218%"
107.03,95.78,96.38,0.00,0,35,65.42%,06/28/22,285.00,0.03,0.03,0.04,-0.07,873,"8,369",53.77%,07/01/22,"width: 1%","width: 3.5500792973038915%","width: 1%","width: 6.55826345897657%"
99.30,90.77,91.39,0.00,0,87,62.37%,06/24/22,290.00,0.05,0.04,0.05,-0.06,107,"6,045",53.57%,07/01/22,"width: 1%","width: 1%","width: 1%","width: 4.737089569782933%"
146.09,85.89,86.40,0.00,0,0,59.31%,02/14/22,295.00,0.05,0.05,0.06,-0.08,40,"7,218",50.53%,07/01/22,"width: 1%","width: 1%","width: 1%","width: 5.656296528485229%"
77.00,80.81,81.42,-2.50,2,66,56.65%,07/01/22,300.00,0.06,0.06,0.07,-0.08,"7,484","35,890",48.50%,07/01/22,"width: 1%","width: 30.433898580781587%","width: 1%","width: 28.12475511323564%"
88.29,79.80,80.43,0.00,0,15,56.34%,06/27/22,301.00,0.08,0.06,0.07,-0.07,9,274,48.33%,07/01/22,"width: 1%","width: 1%","width: 1%","width: 1%"
0.00,78.91,79.42,0.00,0,0,55.25%,N/A,302.00,0.08,0.07,0.08,-0.09,18,"1,684",48.89%,07/01/22,"width: 1%","width: 1%","width: 1%","width: 1.3196457957840295%"
0.00,77.82,78.43,0.00,0,0,54.94%,N/A,303.00,0.15,0.07,0.08,0.00,0,983,47.90%,06/30/22,"width: 1%","width: 1%","width: 1%","width: 1%"
0.00,76.81,77.43,0.00,0,0,54.24%,N/A,304.00,0.07,0.07,0.08,-0.09,160,900,46.91%,07/01/22,"width: 1%","width: 1%","width: 1%","width: 1%"
83.73,75.91,76.43,0.00,0,980,53.54%,06/27/22,305.00,0.08,0.07,0.08,-0.10,142,"26,384",47.03%,07/01/22,"width: 1%","width: 1%","width: 1.6259353275927861%","width: 20.675495650811065%"
0.00,74.82,75.44,0.00,0,0,53.20%,N/A,306.00,0.10,0.08,0.09,-0.08,31,615,46.76%,07/01/22,"width: 1%","width: 1%","width: 1%","width: 1%"
0.00,73.82,74.44,0.00,0,0,52.51%,N/A,307.00,0.17,0.08,0.09,-0.01,74,"1,329",46.14%,07/01/22,"width: 1%","width: 1%","width: 1%","width: 1.0414544314708878%"
0.00,72.92,73.45,0.00,0,0,52.15%,N/A,308.00,0.12,0.08,0.09,-0.06,1,"1,143",45.52%,07/01/22,"width: 1%","width: 1%","width: 1%","width: 1%"
0.00,71.83,72.45,0.00,0,0,51.45%,N/A,309.00,0.20,0.09,0.10,0.00,0,564,45.53%,06/30/22,"width: 1%","width: 1%","width: 1%","width: 1%"
78.79,70.83,71.45,0.00,0,63,50.76%,06/27/22,310.00,0.09,0.09,0.10,-0.11,607,"42,234",44.60%,07/01/22,"width: 1%","width: 2.4683827416534503%","width: 1%","width: 33.09615233915837%"
0.00,69.94,70.46,0.00,0,0,50.39%,N/A,311.00,0.09,0.09,0.10,-0.13,6,751,43.99%,07/01/22,"width: 1%","width: 1%","width: 1%","width: 1%"
0.00,68.86,69.46,0.00,0,0,49.69%,N/A,312.00,0.10,0.10,0.11,-0.15,20,554,43.95%,07/01/22,"width: 1%","width: 1%","width: 1%","width: 1%"
0.00,67.95,68.47,0.00,0,0,49.30%,N/A,313.00,0.11,0.10,0.11,-0.16,7,"2,209",43.86%,07/01/22,"width: 1%","width: 1%","width: 1%","width: 1.731055559909098%"
0.00,66.95,67.47,0.00,0,0,48.60%,N/A,314.00,0.10,0.10,0.11,-0.16,"1,342",749,42.71%,07/01/22,"width: 1%","width: 5.457281119108616%","width: 1%","width: 1%"
77.50,65.87,66.48,0.00,0,69,48.20%,06/28/22,315.00,0.13,0.10,0.11,-0.11,24,"21,822",42.35%,07/01/22,"width: 1%","width: 1%","width: 1%","width: 17.100540709975707%"
0.00,64.96,65.48,0.00,0,0,47.51%,N/A,316.00,0.11,0.11,0.12,-0.14,135,926,41.98%,07/01/22,"width: 1%","width: 1%","width: 1%","width: 1%"
0.00,63.88,64.48,0.00,0,0,46.81%,N/A,317.00,0.22,0.12,0.13,-0.03,117,585,42.07%,07/01/22,"width: 1%","width: 1%","width: 1%","width: 1%"
0.00,62.97,63.49,0.00,0,0,46.39%,N/A,318.00,0.20,0.12,0.13,-0.08,4,"1,117",41.44%,07/01/22,"width: 1%","width: 1%","width: 1%","width: 1%"
0.00,61.97,62.49,0.00,0,0,45.69%,N/A,319.00,0.20,0.12,0.13,-0.09,22,"1,082",40.81%,07/01/22,"width: 1%","width: 1%","width: 1%","width: 1%"
60.54,60.89,61.50,5.31,2,21,45.26%,07/01/22,320.00,0.14,0.13,0.14,-0.15,"7,227","47,888",40.81%,07/01/22,"width: 1%","width: 29.388800780773455%","width: 1%","width: 37.52683958937387%"
57.61,59.89,60.51,0.00,0,2,44.82%,06/23/22,321.00,0.13,0.13,0.14,-0.17,"1,125","1,816",39.76%,07/01/22,"width: 1%","width: 4.57484445528852%","width: 1%","width: 1.423085965049761%"
0.00,58.99,59.51,0.00,0,0,31.66%,N/A,322.00,0.21,0.14,0.15,-0.11,3,"2,157",39.73%,07/01/22,"width: 1%","width: 1%","width: 1%","width: 1.6903064023195673%"
0.00,57.99,58.51,0.00,0,0,31.11%,N/A,323.00,0.18,0.14,0.15,-0.11,"1,236",812,39.10%,07/01/22,"width: 1%","width: 5.0262291082103205%","width: 1%","width: 1%"
0.00,57.00,57.52,0.00,0,0,31.99%,N/A,324.00,0.18,0.15,0.16,-0.16,288,"1,110",38.83%,07/01/22,"width: 1%","width: 1.1711601805538612%","width: 1%","width: 1%"
54.70,55.92,56.54,0.00,0,280,42.73%,06/30/22,325.00,0.15,0.16,0.17,-0.18,"1,206","48,253",38.54%,07/01/22,"width: 1%","width: 4.904233256069293%","width: 1%","width: 37.81286733014654%"
52.21,55.01,55.53,52.21,2,0,31.89%,07/01/22,326.00,0.19,0.16,0.17,-0.22,42,623,37.89%,07/01/22,"width: 1%","width: 1%","width: 1%","width: 1%"
0.00,54.02,54.54,0.00,0,0,32.13%,N/A,327.00,0.17,0.17,0.18,-0.19,7,"1,993",37.41%,07/01/22,"width: 1%","width: 1%","width: 1%","width: 1.5617898283833556%"
0.00,52.94,53.53,0.00,0,0,40.40%,N/A,328.00,0.19,0.18,0.19,-0.19,40,"1,590",37.39%,07/01/22,"width: 1%","width: 1%","width: 1%","width: 1.2459838570644932%"
0.00,51.95,52.55,0.00,0,0,27.82%,N/A,329.00,0.19,0.18,0.19,-0.23,573,644,36.74%,07/01/22,"width: 1%","width: 2.3301207758936195%","width: 1%","width: 1%"
47.00,50.96,51.57,-3.87,4,140,29.13%,07/01/22,330.00,0.20,0.19,0.20,-0.23,"2,767","91,408",36.37%,07/01/22,"width: 1%","width: 11.252084095807408%","width: 1%","width: 71.63074994122718%"
0.00,50.05,50.57,0.00,0,0,31.58%,N/A,331.00,0.22,0.20,0.21,-0.27,463,693,35.86%,07/01/22,"width: 1%","width: 1.88280265137652%","width: 1%","width: 1%"
0.00,49.06,49.58,0.00,0,0,31.45%,N/A,332.00,0.28,0.21,0.22,-0.22,3,"2,456",35.47%,07/01/22,"width: 1%","width: 1%","width: 1%","width: 1.9246140584593685%"
0.00,48.07,48.59,0.00,0,0,31.28%,N/A,333.00,0.23,0.22,0.23,-0.34,159,"1,494",35.19%,07/01/22,"width: 1%","width: 1%","width: 1%","width: 1.1707546430530522%"
0.00,47.08,47.59,0.00,0,0,30.87%,N/A,334.00,0.24,0.23,0.24,-0.33,367,"3,445",34.76%,07/01/22,"width: 1%","width: 1.4924159245252329%","width: 1%","width: 2.6996316903064024%"
44.84,46.02,46.62,-8.88,2,81,29.62%,07/01/22,335.00,0.25,0.24,0.25,-0.28,489,"37,102",34.33%,07/01/22,"width: 1%","width: 1.9885323898987433%","width: 1%","width: 29.07452394013008%"
40.75,45.02,45.63,-12.70,2,9,29.23%,07/01/22,336.00,0.27,0.25,0.26,-0.31,146,"4,121",33.77%,07/01/22,"width: 1%","width: 1%","width: 1%","width: 3.2293707389703004%"
42.40,43.05,43.65,0.00,0,6,28.94%,06/29/22,338.00,0.29,0.28,0.29,-0.42,498,"3,955",33.15%,07/01/22,"width: 1%","width: 2.0251311455410517%","width: 1%","width: 3.0992868897421832%"
37.55,41.08,41.70,0.55,4,443,28.91%,07/01/22,340.00,0.32,0.32,0.33,-0.43,"8,738","123,747",32.35%,07/01/22,"width: 1%","width: 35.53332520027652%","width: 1%","width: 96.97280777368545%"
26.24,39.14,39.73,0.00,0,1,28.74%,06/17/22,342.00,0.38,0.36,0.37,-0.42,"1,753","7,116",31.74%,07/01/22,"width: 1%","width: 7.12862429344069%","width: 1%","width: 5.576365488598072%"
36.99,37.20,37.78,7.39,10,11,28.56%,07/01/22,344.00,0.42,0.41,0.42,-0.56,608,"5,130",31.16%,07/01/22,"width: 1%","width: 2.4724492700581515%","width: 1%","width: 4.020061123736384%"
36.83,36.22,36.81,3.04,10,253,28.34%,07/01/22,345.00,0.44,0.44,0.45,-0.58,"2,918","58,996",30.73%,07/01/22,"width: 1%","width: 11.866129884917246%","width: 1%","width: 46.23148656061437%"
32.98,35.26,35.85,0.00,0,371,28.33%,06/30/22,346.00,0.48,0.48,0.49,-0.69,606,"6,048",30.55%,07/01/22,"width: 1%","width: 2.4643162132487495%","width: 1%","width: 4.73944048272079%"
33.17,33.36,33.93,-7.13,10,45,28.25%,07/01/22,348.00,0.56,0.56,0.57,-0.75,"2,774","7,976",30.06%,07/01/22,"width: 1%","width: 11.280549794640315%","width: 1%","width: 6.250293864117232%"
41.32,32.41,32.98,0.00,0,24,28.18%,06/24/22,349.00,0.61,0.61,0.62,-0.76,"1,234","9,159",29.87%,07/01/22,"width: 1%","width: 5.018096051400919%","width: 1%","width: 7.177337199279053%"
31.65,31.52,32.00,3.65,82,"1,200",26.87%,07/01/22,350.00,0.67,0.66,0.67,-0.82,"22,876","127,610",29.74%,07/01/22,"width: 1%","width: 93.02590378593794%","width: 1.9909412174605543%","width: 100%"
30.69,30.54,31.09,4.26,41,26,26.65%,07/01/22,351.00,0.72,0.72,0.73,-0.88,848,"5,042",29.46%,07/01/22,"width: 1%","width: 3.448416087186369%","width: 1%","width: 3.9511010108925633%"
27.07,29.61,30.15,-0.96,26,38,28.00%,07/01/22,352.00,0.78,0.78,0.79,-0.89,"1,155","4,725",29.24%,07/01/22,"width: 1%","width: 4.6968403074295475%","width: 1%","width: 3.702687877125617%"
23.88,28.68,29.22,-3.27,27,60,27.90%,07/01/22,353.00,0.86,0.85,0.86,-0.93,"1,473","7,460",29.15%,07/01/22,"width: 1%","width: 5.989996340124436%","width: 1%","width: 5.845936838805736%"
28.48,27.77,28.29,-0.51,4,35,27.83%,07/01/22,354.00,0.98,0.93,0.94,-0.96,"1,729","13,303",28.97%,07/01/22,"width: 1%","width: 7.031027611727867%","width: 1%","width: 10.424731604106261%"
27.41,26.86,27.37,2.31,61,97,27.74%,07/01/22,355.00,1.01,1.01,1.02,-1.08,"11,350","27,246",28.74%,07/01/22,"width: 1%","width: 46.15509739335529%","width: 1%","width: 21.35099130162213%"
24.33,25.96,26.46,0.00,0,68,27.67%,06/30/22,356.00,1.11,1.10,1.11,-1.16,"2,899","14,885",28.65%,07/01/22,"width: 1%","width: 11.78886584522793%","width: 1%","width: 11.664446360003135%"
26.47,25.06,25.56,0.00,0,822,27.57%,06/28/22,357.00,1.21,1.20,1.21,-1.16,"3,358","4,743",28.50%,07/01/22,"width: 1%","width: 13.655402382985645%","width: 1.36379473396048%","width: 3.7167933547527623%"
24.61,24.18,24.66,0.27,150,50,28.75%,07/01/22,358.00,1.32,1.31,1.32,-1.20,"13,306","21,712",28.37%,07/01/22,"width: 1%","width: 54.109226952950266%","width: 1%","width: 17.01434056892093%"
19.75,23.30,23.77,-0.24,8,21,27.37%,07/01/22,359.00,1.44,1.43,1.44,-1.28,"3,973","5,768",28.24%,07/01/22,"width: 1%","width: 16.1563173518767%","width: 1%","width: 4.520021941854087%"
22.69,22.44,22.90,3.59,232,"5,179",27.44%,07/01/22,360.00,1.56,1.55,1.56,-1.35,"22,378","87,510",28.06%,07/01/22,"width: 1.0431185648127332%","width: 91.0007726403969%","width: 8.59257047102351%","width: 68.5761303973043%"
21.00,21.58,22.03,4.30,4,116,27.21%,07/01/22,361.00,1.71,1.69,1.70,-1.38,"2,587","4,347",27.91%,07/01/22,"width: 1%","width: 10.520108982961245%","width: 1%","width: 3.4064728469555674%"
19.25,20.73,21.17,1.14,5,"1,473",27.09%,07/01/22,362.00,1.85,1.84,1.85,-1.51,"2,764","25,620",27.82%,07/01/22,"width: 1%","width: 11.239884510593306%","width: 2.4438803444328308%","width: 20.076796489303348%"
19.30,19.90,20.32,2.69,23,217,27.00%,07/01/22,363.00,2.02,1.99,2.01,-1.45,"5,146","12,431",27.64%,07/01/22,"width: 1%","width: 20.926355170590867%","width: 1%","width: 9.741399576835672%"
15.47,19.07,19.48,-1.31,8,"2,334",26.86%,07/01/22,364.00,2.15,2.16,2.18,-1.58,"3,164","13,116",27.51%,07/01/22,"width: 1%","width: 12.866495872473669%","width: 3.872380667960779%","width: 10.278191364313141%"
18.51,18.26,18.65,2.58,24,"3,870",27.01%,07/01/22,365.00,2.36,2.34,2.35,-1.55,"13,260","48,875",27.34%,07/01/22,"width: 1%","width: 53.92216664633403%","width: 6.420785426310288%","width: 38.300289945929%"
15.50,17.52,17.77,-0.92,133,"4,050",26.61%,07/01/22,366.00,2.55,2.53,2.55,-1.76,"3,228","15,084",27.26%,07/01/22,"width: 1%","width: 13.126753690374526%","width: 6.719426608929371%","width: 11.820390251547684%"
17.22,16.73,16.97,3.44,528,36,26.49%,07/01/22,367.00,2.74,2.74,2.75,-1.83,"2,955","5,325",27.05%,07/01/22,"width: 2.373993975091048%","width: 12.016591435891181%","width: 1%","width: 4.172870464697124%"
16.07,15.95,16.18,2.79,156,"4,891",26.37%,07/01/22,368.00,2.95,2.95,2.98,-1.81,"3,169","8,986",26.86%,07/01/22,"width: 1%","width: 12.886828514497173%","width: 8.114744578832976%","width: 7.041767886529268%"
10.92,15.19,15.41,-1.96,18,249,26.23%,07/01/22,369.00,3.20,3.18,3.21,-1.93,"2,794","6,239",26.79%,07/01/22,"width: 1%","width: 11.361880362734333%","width: 1%","width: 4.88911527309772%"
14.60,14.44,14.65,2.30,212,"10,503",26.31%,07/01/22,370.00,3.44,3.43,3.45,-2.07,"24,591","118,190",26.61%,07/01/22,"width: 1%","width: 100%","width: 17.425713005823503%","width: 92.61813337512734%"
13.81,13.70,13.91,2.73,483,"1,705",25.96%,07/01/22,371.00,3.72,3.69,3.71,-2.12,"2,542","7,548",26.46%,07/01/22,"width: 2.1716649431230612%","width: 10.337115204749706%","width: 2.8287956464752044%","width: 5.914896951649557%"
13.05,12.98,13.18,2.63,411,"4,249",25.67%,07/01/22,372.00,4.00,3.96,3.98,-2.26,"4,086","14,075",26.27%,07/01/22,"width: 1.8479384919742818%","width: 16.615835061607907%","width: 7.049591027491579%","width: 11.0296998667816%"
12.70,12.27,12.46,2.54,423,"2,059",25.61%,07/01/22,373.00,4.26,4.25,4.27,-2.24,"2,637","4,369",26.11%,07/01/22,"width: 1.9018929004990783%","width: 10.72343540319629%","width: 3.4161233056260683%","width: 3.423712875166523%"
11.60,11.60,11.71,2.08,"1,414","5,774",25.19%,07/01/22,374.00,4.57,4.56,4.58,-2.43,"4,026","9,212",25.95%,07/01/22,"width: 6.357627804505193%","width: 16.37184335732585%","width: 9.579745491347701%","width: 7.218869994514536%"
10.95,10.88,11.05,1.93,"5,748","10,512",25.12%,07/01/22,375.00,4.90,4.88,4.91,-2.24,"14,085","57,618",25.80%,07/01/22,"width: 25.844161683377546%","width: 57.27705258021227%","width: 17.440645064954456%","width: 45.15163388449181%"
10.30,10.26,10.39,1.74,"4,967","4,547",24.99%,07/01/22,376.00,5.23,5.22,5.25,-2.51,"7,024","9,937",25.58%,07/01/22,"width: 22.33262892855537%","width: 28.56329551461917%","width: 7.544008096494284%","width: 7.787007287830107%"
9.71,9.61,9.75,1.88,"6,473","7,577",24.99%,07/01/22,377.00,5.59,5.58,5.61,-2.54,"5,311","17,834",25.41%,07/01/22,"width: 29.10390719841734%","width: 21.59733235736652%","width: 12.571134670582184%","width: 13.975393777917091%"
9.10,9.04,9.09,1.82,"5,336","8,152",24.73%,07/01/22,378.00,5.96,5.96,5.99,-2.77,"4,587","15,415",25.20%,07/01/22,"width: 23.991726990692865%","width: 18.653165792363062%","width: 13.525127337282033%","width: 12.079774312357966%"
8.53,8.45,8.48,1.73,"3,547","5,642",24.56%,07/01/22,379.00,6.36,6.36,6.39,-2.74,"4,687","12,294",25.02%,07/01/22,"width: 15.94802391978778%","width: 19.05981863283315%","width: 9.36074195742704%","width: 9.634041219340176%"
7.89,7.87,7.90,1.66,"13,550","50,017",24.40%,07/01/22,380.00,6.80,6.78,6.81,-2.84,"7,921","88,779",24.91%,07/01/22,"width: 60.9235196259161%","width: 32.21097149363588%","width: 82.98408906143713%","width: 69.57056657001802%"
7.33,7.31,7.34,1.49,"3,255","4,330",24.22%,07/01/22,381.00,7.23,7.22,7.25,-2.82,"1,853","5,161",24.70%,07/01/22,"width: 14.635133312351064%","width: 7.535277133910781%","width: 7.183979559670167%","width: 4.044353890760912%"
6.79,6.78,6.80,1.41,"4,996","4,679",24.04%,07/01/22,382.00,7.70,7.68,7.71,-2.95,"1,339","8,574",24.55%,07/01/22,"width: 22.463018749156962%","width: 5.445081533894514%","width: 7.763011630414946%","width: 6.718909176396834%"
6.61,6.52,6.54,1.49,"3,277","1,714",23.95%,07/01/22,382.50,7.99,7.92,7.95,-3.17,"1,273","2,029",24.45%,07/01/22,"width: 14.734049727979857%","width: 5.1766906591842545%","width: 2.8437277056061587%","width: 1.5900007836376457%"
6.28,6.26,6.28,1.32,"2,234","4,119",23.88%,07/01/22,383.00,8.16,8.16,8.20,-2.84,622,"9,661",24.29%,07/01/22,"width: 10.044512387032958%","width: 2.5293806677239643%","width: 6.833905728933354%","width: 7.5707232975472145%"
5.80,5.77,5.79,1.31,"2,432","4,836",23.68%,07/01/22,384.00,8.68,8.67,8.72,-2.96,656,"13,332",24.16%,07/01/22,"width: 10.934760127692101%","width: 2.667642633483795%","width: 8.023493106366034%","width: 10.447457095838883%"
5.31,5.30,5.32,1.17,"12,436","17,756",23.50%,07/01/22,385.00,9.19,9.20,9.25,-3.48,830,"44,927",24.04%,07/01/22,"width: 55.91475203453082%","width: 3.375218575901753%","width: 29.45929354769134%","width: 35.206488519708486%"
4.86,4.85,4.87,0.97,"2,448","9,762",23.31%,07/01/22,386.00,9.74,9.75,9.81,-3.52,289,"10,878",23.88%,07/01/22,"width: 11.006699339058496%","width: 1.175226708958562%","width: 16.196306804041612%","width: 8.52441031267142%"
4.44,4.43,4.45,0.93,"2,986","5,154",23.14%,07/01/22,387.00,10.30,10.30,10.43,-3.58,"1,891","6,424",23.51%,07/01/22,"width: 13.42565532125354%","width: 7.689805213289415%","width: 8.551092528993081%","width: 5.034088237598934%"
4.27,4.23,4.25,0.98,"2,002","2,280",23.07%,07/01/22,387.50,14.10,10.60,10.79,-0.02,44,"1,566",23.77%,07/01/22,"width: 9.001393822220225%","width: 1%","width: 3.7827883131750535%","width: 1.227176553561633%"
4.06,4.03,4.05,0.92,"2,105","5,347",22.97%,07/01/22,388.00,11.09,10.90,11.03,-2.51,"1,513","16,095",23.58%,07/01/22,"width: 9.464502495391395%","width: 6.152657476312473%","width: 8.871302241467987%","width: 12.612647911605674%"
3.69,3.66,3.67,0.78,"5,309","5,374",22.80%,07/01/22,389.00,11.54,11.49,11.67,-3.16,36,"3,907",23.24%,07/01/22,"width: 23.870329571512073%","width: 1%","width: 8.91609841886085%","width: 3.061672282736463%"
3.32,3.31,3.32,0.78,"22,241","33,936",22.66%,07/01/22,390.00,12.25,12.13,12.32,-3.48,"6,481","30,715",23.32%,07/01/22,"width: 100%","width: 26.355170590866578%","width: 56.30381762978448%","width: 24.069430295431392%"
2.98,2.97,2.99,0.60,"3,343","5,782",22.45%,07/01/22,391.00,13.40,12.80,13.00,-3.05,12,"6,722",23.10%,07/01/22,"width: 15.030798974866238%","width: 1%","width: 9.593018432797438%","width: 5.267612256092782%"
2.70,2.67,2.68,0.60,"2,075","5,373",22.29%,07/01/22,392.00,13.63,13.48,13.70,-3.90,186,"21,158",23.10%,07/01/22,"width: 9.329616474079403%","width: 1%","width: 8.914439301179634%","width: 16.58020531306324%"
2.57,2.52,2.54,0.58,"1,776","1,788",22.21%,07/01/22,392.50,16.71,13.84,14.06,-0.54,4,819,22.89%,07/01/22,"width: 7.985252461669889%","width: 1%","width: 2.9665024140162264%","width: 1%"
2.40,2.39,2.40,0.54,"1,894","6,699",22.16%,07/01/22,393.00,14.31,14.19,14.42,-2.80,30,"7,010",22.82%,07/01/22,"width: 8.515804145497055%","width: 1%","width: 11.114429346473544%","width: 5.493299898127106%"
2.17,2.12,2.14,0.49,"2,264","12,321",21.97%,07/01/22,394.00,15.17,14.93,15.16,-2.22,13,"5,434",22.68%,07/01/22,"width: 10.179398408344948%","width: 1%","width: 20.441988950276244%","width: 4.258286968105947%"
1.90,1.88,1.89,0.36,"7,015","13,241",21.80%,07/01/22,395.00,15.78,15.68,15.93,-4.38,307,"24,655",22.46%,07/01/22,"width: 31.54084798345398%","width: 1.2484242202431783%","width: 21.968377216996%","width: 19.32058616095917%"
1.70,1.66,1.68,0.33,"1,961","7,200",21.67%,07/01/22,396.00,16.61,16.46,16.71,-3.96,21,"4,399",22.58%,07/01/22,"width: 8.817049593093836%","width: 1%","width: 11.945647304763327%","width: 3.447222004545098%"
1.48,1.46,1.48,0.28,804,"4,743",21.57%,07/01/22,397.00,21.58,17.18,17.61,-0.62,13,"14,789",22.41%,07/01/22,"width: 3.614945371161369%","width: 1%","width: 7.869195162012842%","width: 11.589217145991695%"
1.30,1.28,1.29,0.14,"1,280","6,740",21.36%,07/01/22,398.00,18.15,17.98,18.43,-4.38,9,"13,295",21.99%,07/01/22,"width: 5.755136909311632%","width: 1%","width: 11.182453171403447%","width: 10.418462502938642%"
1.13,1.12,1.13,0.12,"3,250","11,868",21.27%,07/01/22,399.00,21.56,18.81,19.27,1.35,3,"3,585",22.20%,07/01/22,"width: 14.612652308799065%","width: 1%","width: 19.690408640684883%","width: 2.8093409607397537%"
0.99,0.98,0.99,0.16,"17,966","60,273",21.18%,07/01/22,400.00,19.95,19.66,20.14,-4.90,560,"51,869",22.48%,07/01/22,"width: 80.77874196304123%","width: 2.277255906632508%","width: 100%","width: 40.646501057910825%"
0.86,0.85,0.86,0.08,807,"3,579",21.07%,07/01/22,401.00,20.79,20.52,21.03,-3.44,3,"2,182",22.27%,07/01/22,"width: 3.6284339732925677%","width: 1%","width: 5.937982181076103%","width: 1.7098973434683802%"
0.75,0.73,0.75,0.06,987,"5,226",21.00%,07/01/22,402.00,24.81,21.40,21.92,-0.57,3,"4,488",22.16%,07/01/22,"width: 4.437750101164515%","width: 1%","width: 8.670549002040714%","width: 3.516965755034872%"
0.66,0.63,0.65,0.03,888,"8,424",20.84%,07/01/22,403.00,27.37,22.29,22.81,-0.92,6,"2,637",22.10%,07/01/22,"width: 3.9926262308349445%","width: 1%","width: 13.976407346573092%","width: 2.066452472376773%"
0.57,0.55,0.56,0.03,678,"15,423",20.79%,07/01/22,404.00,24.10,23.20,23.75,-3.60,25,"1,871",22.23%,07/01/22,"width: 3.048424081651005%","width: 1%","width: 25.588571997411773%","width: 1.466186035577149%"
0.48,0.47,0.48,0.02,"4,325","19,583",20.74%,07/01/22,405.00,24.48,24.12,24.68,-4.49,188,"14,490",22.96%,07/01/22,"width: 19.446068072478756%","width: 1%","width: 32.49050155127503%","width: 11.354909489851893%"
0.41,0.40,0.41,-0.04,718,"9,228",20.65%,07/01/22,406.00,24.83,25.07,25.53,-5.17,12,"1,739",22.08%,07/01/22,"width: 3.2282721100669933%","width: 1%","width: 15.310337962271664%","width: 1.3627458663114176%"
0.36,0.34,0.36,-0.02,"2,208","3,747",20.70%,07/01/22,407.00,29.04,25.99,26.54,-0.70,9,"2,028",22.40%,07/01/22,"width: 9.927611168562564%","width: 1%","width: 6.216713951520581%","width: 1.5892171459916935%"
0.31,0.29,0.31,-0.02,755,"10,903",20.67%,07/01/22,408.00,30.51,26.94,27.53,0.00,0,"4,943",22.73%,06/30/22,"width: 3.3946315363517825%","width: 1%","width: 18.089360078310353%","width: 3.873520883943265%"
0.26,0.25,0.26,-0.04,322,"4,333",20.56%,07/01/22,409.00,28.12,27.89,28.46,-4.78,5,"3,140",22.06%,07/01/22,"width: 1.4477766287487073%","width: 1%","width: 7.188956912713819%","width: 2.4606222082908866%"
0.23,0.22,0.23,-0.02,"6,807","26,522",20.66%,07/01/22,410.00,29.89,28.86,29.45,-2.61,337,"33,168",23.09%,07/01/22,"width: 30.60563823569084%","width: 1.3704200723842055%","width: 44.00311914124069%","width: 25.9916934409529%"
0.20,0.18,0.19,-0.04,249,"4,542",20.43%,07/01/22,411.00,34.49,29.83,30.40,2.75,11,"2,499",23.21%,07/01/22,"width: 1.1195539768895284%","width: 1%","width: 7.535712508088199%","width: 1.9583104772353266%"
0.17,0.16,0.17,-0.05,362,"11,898",20.67%,07/01/22,412.00,32.20,30.81,31.39,0.00,0,"11,379",23.61%,06/30/22,"width: 1.6276246571646957%","width: 1%","width: 19.740182171121397%","width: 8.91701277329363%"
0.15,0.14,0.15,-0.04,573,"5,169",20.78%,07/01/22,413.00,36.49,31.83,32.37,2.89,22,"1,645",24.20%,07/01/22,"width: 2.576323007059035%","width: 1%","width: 8.575979294211338%","width: 1.2890839275918815%"
0.13,0.12,0.13,-0.04,136,"5,642",20.82%,07/01/22,414.00,37.82,32.78,33.38,4.00,10,"6,419",24.51%,07/01/22,"width: 1%","width: 1%","width: 9.36074195742704%","width: 5.030170049369172%"
0.12,0.10,0.11,-0.04,386,"13,293",20.66%,07/01/22,415.00,34.81,33.80,34.33,-3.69,30,"17,361",24.86%,07/01/22,"width: 1.735533474214289%","width: 1%","width: 22.054651336419294%","width: 13.604733171381552%"
0.09,0.09,0.10,-0.04,216,"6,530",20.69%,07/01/22,416.00,35.50,34.79,35.32,0.00,0,"2,469",25.28%,06/29/22,"width: 1%","width: 1%","width: 10.83403845834785%","width: 1.934801347856751%"
0.08,0.08,0.09,-0.08,882,"5,521",20.83%,07/01/22,417.00,40.50,35.76,36.37,14.91,5,"1,777",26.00%,07/01/22,"width: 3.9656490265725464%","width: 1%","width: 9.159988717999767%","width: 1.3925240968576131%"
0.08,0.07,0.08,-0.05,57,"5,345",21.30%,07/01/22,418.00,37.09,36.75,37.32,-6.14,79,"2,428",26.94%,07/01/22,"width: 1%","width: 1%","width: 8.867984006105553%","width: 1.902672204372698%"
0.07,0.06,0.07,-0.06,34,"5,187",21.39%,07/01/22,419.00,30.72,37.77,38.32,0.00,0,"3,022",26.81%,06/28/22,"width: 1%","width: 1%","width: 8.605843412473247%","width: 2.36815296606849%"
0.06,0.05,0.06,-0.03,984,"28,661",21.41%,07/01/22,420.00,39.09,38.73,39.31,-4.23,344,"18,964",28.07%,07/01/22,"width: 4.424261499033317%","width: 1.3988857712171119%","width: 47.55197186136413%","width: 14.86090431784343%"
0.05,0.05,0.06,-0.04,43,"7,176",21.37%,07/01/22,421.00,42.11,39.73,40.36,1.10,1,"4,889",27.91%,07/01/22,"width: 1%","width: 1%","width: 11.905828480414115%","width: 3.831204451061829%"
0.05,0.04,0.05,-0.03,30,"9,805",21.82%,07/01/22,422.00,40.64,40.74,41.36,-2.15,10,789,28.54%,07/01/22,"width: 1%","width: 1%","width: 16.267648864333946%","width: 1%"
0.05,0.04,0.05,-0.03,33,"4,632",22.26%,07/01/22,423.00,41.68,41.74,42.36,-2.36,12,"3,588",29.09%,07/01/22,"width: 1%","width: 1%","width: 7.6850330993977405%","width: 2.8116918736776113%"
0.04,0.03,0.04,-0.01,7,"5,326",22.10%,07/01/22,424.00,36.26,42.74,43.31,0.00,0,749,29.19%,06/24/22,"width: 1%","width: 1%","width: 8.836460770162427%","width: 1%"
0.03,0.03,0.04,-0.04,798,"12,929",21.80%,07/01/22,425.00,48.57,43.74,44.37,3.43,8,"3,247",30.25%,07/01/22,"width: 3.5879681668989702%","width: 1%","width: 21.450732500456258%","width: 2.5444714364078047%"
0.03,0.03,0.04,-0.03,1,"5,510",22.21%,07/01/22,426.00,46.19,44.74,45.31,0.00,0,"1,671",30.25%,06/29/22,"width: 1%","width: 1%","width: 9.141738423506379%","width: 1.3094585063866468%"
0.02,0.02,0.03,-0.04,15,"3,636",21.67%,07/01/22,427.00,48.92,45.73,46.37,-4.18,159,499,31.24%,07/01/22,"width: 1%","width: 1%","width: 6.0325518889054806%","width: 1%"
0.02,0.02,0.03,-0.03,12,"4,422",22.07%,07/01/22,428.00,50.45,46.73,47.37,2.03,69,95,31.77%,07/01/22,"width: 1%","width: 1%","width: 7.336618386342144%","width: 1%"
0.02,0.02,0.03,-0.02,16,"3,684",22.46%,07/01/22,429.00,40.37,47.74,48.31,0.00,0,972,31.83%,06/28/22,"width: 1%","width: 1%","width: 6.112189537603903%","width: 1%"
0.02,0.02,0.03,-0.02,"2,196","23,472",22.86%,07/01/22,430.00,50.70,48.73,49.37,-2.02,28,"7,313",32.82%,07/01/22,"width: 9.873656760037768%","width: 1%","width: 38.942810213528446%","width: 5.730742104850717%"
0.01,0.02,0.03,-0.02,1,"2,856",23.79%,07/01/22,431.00,56.75,49.74,50.37,0.00,0,509,33.44%,06/30/22,"width: 1%","width: 1%","width: 4.738440097556119%","width: 1%"
0.02,0.02,0.03,-0.02,1,"5,721",23.64%,07/01/22,432.00,52.93,50.73,51.36,0.00,0,700,33.77%,06/30/22,"width: 1%","width: 1%","width: 9.491812254243195%","width: 1%"
0.02,0.01,0.02,-0.01,16,"3,183",24.03%,07/01/22,433.00,53.13,51.74,52.31,0.00,0,869,33.90%,06/30/22,"width: 1%","width: 1%","width: 5.28097157931412%","width: 1%"
0.02,0.01,0.02,-0.01,512,"4,115",24.42%,07/01/22,434.00,58.29,52.74,53.31,1.02,1,614,34.41%,07/01/22,"width: 2.3020547637246525%","width: 1%","width: 6.827269258208485%","width: 1%"
0.03,0.01,0.02,0.00,59,"17,935",24.11%,07/01/22,435.00,56.90,53.74,54.31,-1.27,159,"2,840",34.92%,07/01/22,"width: 1%","width: 1%","width: 29.756275612629203%","width: 2.225530914505133%"
0.01,0.01,0.02,-0.01,3,"10,581",23.57%,07/01/22,436.00,62.07,54.73,55.31,0.00,0,668,35.32%,06/30/22,"width: 1%","width: 1%","width: 17.55512418495844%","width: 1%"
0.01,0.01,0.02,-0.02,8,"3,456",23.94%,07/01/22,437.00,57.36,55.74,56.31,0.00,0,861,35.93%,06/30/22,"width: 1%","width: 1%","width: 5.733910706286397%","width: 1%"
0.02,0.01,0.02,-0.01,2,"4,697",25.95%,07/01/22,438.00,58.36,56.75,57.31,0.00,0,989,36.54%,06/30/22,"width: 1%","width: 1%","width: 7.792875748676854%","width: 1%"
0.01,0.01,0.02,-0.01,2,"3,732",24.66%,07/01/22,439.00,60.93,57.74,58.31,0.00,0,"1,732",36.93%,06/30/22,"width: 1%","width: 1%","width: 6.191827186302325%","width: 1.3572604027897501%"
0.02,0.01,0.02,0.00,101,"19,164",26.71%,07/01/22,440.00,65.19,58.74,59.37,4.37,10,"1,245",38.05%,07/01/22,"width: 1%","width: 1%","width: 31.795331242845055%","width: 1%"
0.01,0.01,0.02,-0.01,82,"9,374",25.38%,07/01/22,441.00,65.75,59.74,60.35,3.92,6,142,38.35%,07/01/22,"width: 1%","width: 1%","width: 15.552569143729364%","width: 1%"
0.02,0.01,0.02,0.00,6,"4,313",27.47%,07/01/22,442.00,64.70,60.74,61.37,0.00,0,380,39.05%,06/30/22,"width: 1%","width: 1%","width: 7.155774559089475%","width: 1%"
0.02,0.01,0.02,0.00,10,"4,353",27.84%,07/01/22,443.00,62.70,61.73,62.37,0.00,0,4,39.45%,06/29/22,"width: 1%","width: 1%","width: 7.222139266338161%","width: 1%"
0.02,0.01,0.02,0.00,2,"7,629",28.22%,07/01/22,444.00,67.27,62.74,63.31,0.00,0,844,39.40%,06/30/22,"width: 1%","width: 1%","width: 12.657408790005476%","width: 1%"
0.01,0.01,0.02,0.00,0,"12,447",27.81%,06/30/22,445.00,64.71,63.74,64.37,-0.69,50,216,40.54%,07/01/22,"width: 1%","width: 1%","width: 20.6510377781096%","width: 1%"
0.01,0.01,0.02,0.00,11,"3,362",27.15%,07/01/22,446.00,71.66,64.75,65.29,0.00,0,476,40.26%,06/30/22,"width: 1%","width: 1%","width: 5.577953644251987%","width: 1%"
0.01,0.01,0.02,0.00,82,"5,545",27.50%,07/01/22,447.00,70.49,65.74,66.35,0.00,0,494,41.31%,06/30/22,"width: 1%","width: 1%","width: 9.199807542348978%","width: 1%"
0.01,0.00,0.01,0.00,231,"5,784",27.85%,07/01/22,448.00,67.90,66.74,67.31,0.00,0,"1,100",41.34%,06/29/22,"width: 1.0386223641023336%","width: 1%","width: 9.596336668159873%","width: 1%"
0.01,0.00,0.01,0.00,11,"7,069",28.19%,07/01/22,449.00,68.79,67.75,68.29,0.00,0,591,41.71%,06/29/22,"width: 1%","width: 1%","width: 11.728302888523883%","width: 1%"
0.01,0.00,0.01,-0.01,217,"18,290",28.54%,07/01/22,450.00,69.90,68.74,69.37,-2.10,122,"1,460",42.98%,07/01/22,"width: 1%","width: 1%","width: 30.345262389461286%","width: 1.144110963090667%"
0.01,0.00,0.01,0.00,1,"2,123",28.89%,07/01/22,451.00,77.65,69.74,70.35,0.00,0,188,43.24%,06/30/22,"width: 1%","width: 1%","width: 3.5223068372239643%","width: 1%"
0.01,0.00,0.01,0.00,1,"2,366",29.23%,07/01/22,452.00,77.40,70.74,71.37,4.70,1,104,43.94%,07/01/22,"width: 1%","width: 1%","width: 3.925472433759727%","width: 1%"
0.01,0.00,0.01,0.00,0,"3,159",29.57%,06/30/22,453.00,63.88,71.74,72.35,0.00,0,171,44.19%,06/27/22,"width: 1%","width: 1%","width: 5.24115275496491%","width: 1%"
0.01,0.00,0.01,0.00,0,"3,675",29.91%,06/30/22,454.00,78.40,72.74,73.37,4.57,10,175,44.89%,07/01/22,"width: 1%","width: 1%","width: 6.097257478472947%","width: 1%"
0.01,0.00,0.01,-0.01,"4,085","19,305",30.26%,07/01/22,455.00,74.80,73.74,74.31,-0.50,221,"1,459",44.67%,07/01/22,"width: 18.366979901982823%","width: 1%","width: 32.02926683589667%","width: 1.1433273254447143%"
0.01,0.00,0.01,0.00,"1,520","4,764",30.60%,07/01/22,456.00,79.93,74.74,75.35,0.00,0,169,45.61%,06/30/22,"width: 6.834225079807562%","width: 1%","width: 7.904036633318401%","width: 1%"
0.01,0.00,0.01,0.00,0,"1,862",30.93%,06/30/22,457.00,74.34,75.74,76.37,0.00,0,32,46.31%,06/24/22,"width: 1%","width: 1%","width: 3.0892771224262936%","width: 1%"
0.01,0.00,0.01,0.00,22,"1,201",31.27%,07/01/22,458.00,80.50,76.74,77.35,-1.26,8,38,46.54%,07/01/22,"width: 1%","width: 1%","width: 1.9926003351417716%","width: 1%"
0.01,0.00,0.01,0.00,310,"2,532",31.61%,07/01/22,459.00,70.51,77.74,78.37,0.00,0,17,47.24%,06/27/22,"width: 1.3938222202239108%","width: 1%","width: 4.20088596884177%","width: 1%"
0.01,0.00,0.01,0.00,94,"13,425",31.94%,07/01/22,460.00,85.40,78.74,79.37,0.00,0,219,47.71%,06/30/22,"width: 1%","width: 1%","width: 22.273654870339954%","width: 1%"
0.03,0.00,0.01,0.00,0,"2,417",32.28%,06/24/22,461.00,95.40,79.75,80.30,0.00,0,0,47.45%,06/16/22,"width: 1%","width: 1%","width: 4.0100874355018%","width: 1%"
0.02,0.00,0.01,0.00,0,"1,096",32.61%,06/27/22,462.00,86.25,80.74,81.30,0.00,0,0,47.78%,06/15/22,"width: 1%","width: 1%","width: 1.8183929786139732%","width: 1%"
0.01,0.00,0.01,0.00,0,"1,121",32.94%,06/27/22,463.00,83.76,81.74,82.35,0.00,0,1,48.86%,06/29/22,"width: 1%","width: 1%","width: 1.8598709206444013%","width: 1%"
0.01,0.00,0.01,0.00,0,"1,923",33.28%,06/30/22,464.00,76.36,82.74,83.30,0.00,0,0,48.69%,06/24/22,"width: 1%","width: 1%","width: 3.1904833009805387%","width: 1%"
0.01,0.00,0.01,0.00,1,"16,334",33.61%,07/01/22,465.00,77.00,83.74,84.37,0.00,0,60,50.01%,06/27/22,"width: 1%","width: 1%","width: 27.10002820500058%","width: 1%"
0.02,0.00,0.01,0.00,0,834,33.93%,06/24/22,466.00,89.91,84.75,85.30,0.00,0,0,49.72%,06/23/22,"width: 1%","width: 1%","width: 1.3837041461350852%","width: 1%"
0.02,0.00,0.01,0.00,0,"1,271",34.26%,06/27/22,467.00,0.00,85.74,86.30,0.00,0,0,50.04%,N/A,"width: 1%","width: 1%","width: 2.1087385728269705%","width: 1%"
0.02,0.00,0.01,0.00,0,"1,349",34.59%,06/24/22,468.00,91.78,86.74,87.30,0.00,0,0,50.48%,06/21/22,"width: 1%","width: 1%","width: 2.2381497519619065%","width: 1%"
0.01,0.00,0.01,0.00,0,"2,583",34.92%,06/29/22,469.00,90.80,87.74,88.35,0.00,0,1,51.58%,06/23/22,"width: 1%","width: 1%","width: 4.285500970583843%","width: 1%"
0.01,0.00,0.01,0.00,19,"22,930",35.24%,07/01/22,470.00,90.50,88.74,89.35,0.00,0,11,52.03%,06/29/22,"width: 1%","width: 1%","width: 38.04356843030876%","width: 1%"
0.01,0.00,0.01,0.00,0,"1,688",35.57%,06/29/22,471.00,108.00,89.74,90.35,0.00,0,10,52.47%,06/16/22,"width: 1%","width: 1%","width: 2.800590645894513%","width: 1%"
0.01,0.00,0.01,0.00,0,"4,384",0.00%,06/28/22,472.00,96.30,90.74,91.35,0.00,0,2,52.92%,06/13/22,"width: 1%","width: 1%","width: 7.273571914455893%","width: 1%"
0.01,0.00,0.01,0.00,0,"1,255",0.00%,06/29/22,473.00,0.00,91.74,92.30,0.00,0,0,52.70%,N/A,"width: 1%","width: 1%","width: 2.0821926899274965%","width: 1%"
0.01,0.00,0.01,-0.01,1,"1,995",137.66%,07/01/22,474.00,96.15,92.74,93.30,0.00,0,0,53.14%,06/23/22,"width: 1%","width: 1%","width: 3.309939774028172%","width: 1%"
0.01,0.00,0.01,0.00,0,"11,155",0.00%,06/29/22,475.00,99.97,93.74,94.35,0.00,0,23,54.25%,06/21/22,"width: 1%","width: 1%","width: 18.50745773397707%","width: 1%"
0.01,0.00,0.01,0.00,0,960,0.00%,06/29/22,476.00,101.43,94.74,95.37,1.90,25,107,54.95%,07/01/22,"width: 1%","width: 1%","width: 1.5927529739684434%","width: 1%"
0.01,0.00,0.01,0.00,0,"1,674",0.00%,06/24/22,477.00,109.67,95.74,96.37,0.00,0,1,55.39%,06/17/22,"width: 1%","width: 1%","width: 2.7773629983574737%","width: 1%"
0.01,0.00,0.01,0.00,0,"2,408",0.00%,06/24/22,478.00,105.28,96.74,97.37,0.00,0,6,55.82%,06/13/22,"width: 1%","width: 1%","width: 3.995155376370846%","width: 1%"
0.01,0.00,0.01,0.00,0,"1,616",0.00%,06/29/22,479.00,70.68,97.74,98.30,0.00,0,0,55.31%,06/01/22,"width: 1%","width: 1%","width: 2.68113417284688%","width: 1%"
0.01,0.00,0.01,0.00,0,"18,477",0.00%,06/29/22,480.00,98.60,98.74,99.35,0.00,0,8,56.43%,06/28/22,"width: 1%","width: 1%","width: 30.655517395848886%","width: 1%"
0.01,0.00,0.01,0.00,0,"13,852",0.00%,06/27/22,481.00,105.80,99.74,100.30,0.00,0,0,56.17%,06/22/22,"width: 1%","width: 1%","width: 22.982098120219668%","width: 1%"
0.01,0.00,0.01,0.00,0,405,0.00%,06/27/22,482.00,87.29,100.74,101.31,0.00,0,0,56.74%,05/23/22,"width: 1%","width: 1%","width: 1%","width: 1%"
0.01,0.00,0.01,0.00,0,668,0.00%,06/27/22,483.00,43.08,101.74,102.31,0.00,0,0,57.17%,04/13/22,"width: 1%","width: 1%","width: 1.108290611053042%","width: 1%"
0.01,0.00,0.01,0.00,0,"2,243",0.00%,06/24/22,484.00,0.00,102.74,103.31,0.00,0,0,57.60%,N/A,"width: 1%","width: 1%","width: 3.72140095897002%","width: 1%"
0.02,0.00,0.01,0.00,0,"10,351",0.00%,06/27/22,485.00,108.71,103.74,104.37,0.00,0,6,58.85%,06/23/22,"width: 1%","width: 1%","width: 17.1735271182785%","width: 1%"
0.01,0.00,0.01,0.00,0,"1,748",0.00%,06/24/22,486.00,83.54,104.74,105.30,0.00,0,0,58.30%,05/10/22,"width: 1%","width: 1%","width: 2.900137706767541%","width: 1%"
0.01,0.00,0.01,0.00,0,"2,293",0.00%,06/29/22,487.00,0.00,105.74,106.30,0.00,0,0,58.72%,N/A,"width: 1%","width: 1%","width: 3.804356843030876%","width: 1%"
0.01,0.00,0.01,0.00,0,"2,237",0.00%,06/24/22,488.00,100.20,106.74,107.30,0.00,0,0,59.14%,06/27/22,"width: 1%","width: 1%","width: 3.711446252882717%","width: 1%"
0.01,0.00,0.01,0.00,0,"1,248",0.00%,06/27/22,489.00,0.00,107.74,108.30,0.00,0,0,59.56%,N/A,"width: 1%","width: 1%","width: 2.0705788661589763%","width: 1%"
0.01,0.00,0.01,0.00,1,"8,917",41.55%,07/01/22,490.00,109.15,108.74,109.35,0.00,0,2,60.70%,06/28/22,"width: 1%","width: 1%","width: 14.794352363413138%","width: 1%"
0.01,0.00,0.01,0.00,0,977,0.00%,06/27/22,491.00,0.00,109.74,110.30,0.00,0,0,60.39%,N/A,"width: 1%","width: 1%","width: 1.6209579745491347%","width: 1%"
0.01,0.00,0.01,0.00,0,943,0.00%,06/27/22,492.00,52.44,110.74,111.32,0.00,0,0,61.11%,04/13/22,"width: 1%","width: 1%","width: 1.5645479733877525%","width: 1%"
0.01,0.00,0.01,0.00,0,"3,493",0.00%,06/27/22,493.00,44.41,111.74,112.32,0.00,0,0,61.52%,04/05/22,"width: 1%","width: 1%","width: 5.79529806049143%","width: 1%"
0.01,0.00,0.01,0.00,0,524,0.00%,06/22/22,494.00,0.00,112.74,113.32,0.00,0,0,61.94%,N/A,"width: 1%","width: 1%","width: 1%","width: 1%"
0.01,0.00,0.01,0.00,0,"5,924",0.00%,06/28/22,495.00,88.54,113.74,114.32,0.00,0,0,62.35%,05/06/22,"width: 1%","width: 1%","width: 9.828613143530271%","width: 1%"
0.02,0.00,0.01,0.00,0,727,0.00%,06/27/22,496.00,0.00,114.74,115.32,0.00,0,0,62.76%,N/A,"width: 1%","width: 1%","width: 1.2061785542448527%","width: 1%"
0.02,0.00,0.01,0.00,0,317,0.00%,06/17/22,497.00,0.00,115.74,116.32,0.00,0,0,63.17%,N/A,"width: 1%","width: 1%","width: 1%","width: 1%"
0.02,0.00,0.01,0.00,0,"1,576",0.00%,06/17/22,498.00,0.00,116.74,117.32,0.00,0,0,63.58%,N/A,"width: 1%","width: 1%","width: 2.614769465598195%","width: 1%"
0.01,0.00,0.01,0.00,0,299,0.00%,06/27/22,499.00,0.00,117.74,118.32,0.00,0,0,63.99%,N/A,"width: 1%","width: 1%","width: 1%","width: 1%"
0.01,0.00,0.01,0.00,1,"8,868",44.57%,07/01/22,500.00,125.10,118.74,119.32,0.00,0,36,64.40%,06/22/22,"width: 1%","width: 1%","width: 14.713055597033497%","width: 1%"
0.01,0.00,0.01,0.00,0,"4,567",0.00%,06/27/22,505.00,55.90,123.73,124.31,0.00,0,0,66.10%,03/28/22,"width: 1%","width: 1%","width: 7.577190450118628%","width: 1%"
0.01,0.00,0.01,0.00,0,"5,120",0.00%,06/22/22,510.00,116.00,128.74,129.30,0.00,0,0,68.09%,05/23/22,"width: 1%","width: 1%","width: 8.4946825278317%","width: 1%"
0.01,0.00,0.01,0.00,0,"4,886",0.00%,06/24/22,515.00,57.50,133.73,134.34,0.00,0,0,70.53%,03/30/22,"width: 1%","width: 1%","width: 8.106448990426891%","width: 1%"
0.01,0.00,0.01,0.00,0,"4,569",0.00%,06/24/22,520.00,132.44,138.73,139.33,0.00,0,0,72.31%,06/27/22,"width: 1%","width: 1%","width: 7.58050868548106%","width: 1%"
0.01,0.00,0.01,0.00,0,"4,248",0.00%,06/24/22,525.00,0.00,143.73,144.34,0.00,0,0,74.38%,N/A,"width: 1%","width: 1%","width: 7.047931909810363%","width: 1%"
0.01,0.00,0.01,0.00,0,"6,110",0.00%,06/24/22,530.00,125.00,148.73,149.34,0.00,0,0,76.27%,05/26/22,"width: 1%","width: 1%","width: 10.137209032236656%","width: 1%"
0.01,0.00,0.01,0.00,0,"4,707",0.00%,06/24/22,535.00,0.00,153.73,154.33,0.00,0,0,77.97%,N/A,"width: 1%","width: 1%","width: 7.809466925489025%","width: 1%"
0.01,0.00,0.01,0.00,0,"2,885",0.00%,06/09/22,540.00,152.55,158.73,159.32,0.00,0,0,79.64%,06/24/22,"width: 1%","width: 1%","width: 4.786554510311417%","width: 1%"
0.01,0.00,0.01,0.00,0,"3,263",0.00%,06/08/22,545.00,0.00,163.73,164.33,0.00,0,0,81.63%,N/A,"width: 1%","width: 1%","width: 5.413700993811491%","width: 1%"
0.01,0.00,0.01,0.00,0,"7,889",0.00%,06/07/22,550.00,169.50,168.73,169.37,0.00,0,0,84.13%,06/15/22,"width: 1%","width: 1%","width: 13.08877938712193%","width: 1%"
0.01,0.00,0.01,0.00,0,"2,081",0.00%,06/06/22,555.00,176.20,173.71,174.37,0.00,0,1,85.56%,06/23/22,"width: 1%","width: 1%","width: 3.4526238946128447%","width: 1%"
0.01,0.00,0.01,0.00,0,"1,027",0.00%,05/31/22,560.00,0.00,178.73,179.33,0.00,0,0,86.96%,N/A,"width: 1%","width: 1%","width: 1.7039138586099911%","width: 1%"
0.01,0.00,0.01,0.00,0,406,0.00%,06/15/22,565.00,120.10,183.73,184.33,0.00,0,0,88.70%,04/20/22,"width: 1%","width: 1%","width: 1%","width: 1%"
0.01,0.00,0.01,0.00,0,288,0.00%,05/31/22,570.00,0.00,188.73,189.33,0.00,0,0,90.42%,N/A,"width: 1%","width: 1%","width: 1%","width: 1%"
0.01,0.00,0.01,0.00,0,"1,186",0.00%,05/31/22,575.00,0.00,193.73,194.33,0.00,0,0,92.12%,N/A,"width: 1%","width: 1%","width: 1.9677135699235146%","width: 1%"
0.01,0.00,0.01,0.00,0,818,0.00%,06/17/22,580.00,192.45,198.73,199.33,0.00,0,0,93.79%,06/24/22,"width: 1%","width: 1%","width: 1.3571582632356112%","width: 1%"
0.01,0.00,0.01,0.00,0,"1,927",0.00%,05/27/22,585.00,165.50,203.73,204.33,0.00,0,0,95.46%,03/08/22,"width: 1%","width: 1%","width: 3.197119771705407%","width: 1%"
0.01,0.00,0.01,0.00,0,838,0.00%,05/27/22,590.00,0.00,208.73,209.33,0.00,0,0,97.10%,N/A,"width: 1%","width: 1%","width: 1.390340616859954%","width: 1%"
0.01,0.00,0.01,0.00,0,751,0.00%,05/27/22,595.00,221.96,213.73,214.33,0.00,0,0,98.73%,06/14/22,"width: 1%","width: 1%","width: 1.2459973785940637%","width: 1%"
0.01,0.00,0.01,0.00,0,"2,441",0.00%,06/14/22,600.00,210.20,218.73,219.33,0.00,0,1,100.34%,05/18/22,"width: 1%","width: 1%","width: 4.049906259851011%","width: 1%"
0.01,0.00,0.01,0.00,0,73,0.00%,05/27/22,605.00,0.00,223.73,224.33,0.00,0,0,101.93%,N/A,"width: 1%","width: 1%","width: 1%","width: 1%"
0.01,0.00,0.01,0.00,0,233,0.00%,06/24/22,610.00,0.00,228.73,229.33,0.00,0,0,103.51%,N/A,"width: 1%","width: 1%","width: 1%","width: 1%"
0.01,0.00,0.01,0.00,0,42,0.00%,05/27/22,615.00,0.00,233.71,234.33,0.00,0,0,104.65%,N/A,"width: 1%","width: 1%","width: 1%","width: 1%"
0.00,0.00,0.01,0.00,0,0,0.00%,N/A,620.00,0.00,238.71,239.33,0.00,0,0,106.19%,N/A,"width: 1%","width: 1%","width: 1%","width: 1%"
0.01,0.00,0.01,0.00,0,24,0.00%,04/14/22,625.00,0.00,243.71,244.36,0.00,0,0,108.35%,N/A,"width: 1%","width: 1%","width: 1%","width: 1%"
0.03,0.00,0.01,0.00,0,12,0.00%,03/04/22,630.00,210.00,248.71,249.33,0.00,0,0,109.23%,04/26/22,"width: 1%","width: 1%","width: 1%","width: 1%"
0.01,0.00,0.01,0.00,0,122,0.00%,05/27/22,635.00,0.00,253.71,254.33,0.00,0,0,110.73%,N/A,"width: 1%","width: 1%","width: 1%","width: 1%"
0.01,0.00,0.01,0.00,0,127,0.00%,05/27/22,640.00,198.82,258.73,259.33,0.00,0,0,112.65%,04/12/22,"width: 1%","width: 1%","width: 1%","width: 1%"
0.01,0.00,0.01,0.00,0,2,0.00%,03/31/22,645.00,0.00,263.73,264.33,0.00,0,0,114.12%,N/A,"width: 1%","width: 1%","width: 1%","width: 1%"
0.01,0.00,0.01,0.00,0,108,0.00%,06/24/22,650.00,281.60,268.71,269.33,0.00,0,2,115.14%,06/17/22,"width: 1%","width: 1%","width: 1%","width: 1%"
"Downloaded from Barchart.com as of 07-05-2022 06:15am CDT"
